
/* FLUSHING TABLES */

delete from achat;
delete from interpretation;
delete from article;
delete from distinction;
delete from manifestation;
delete from apourtheme;
delete from distribution;
delete from film;
delete from oeuvre_musicale;
delete from livre;
delete from adaptation;
delete from apourgenre;
delete from auteur;
delete from oeuvre;
delete from lieu;
delete from client;
delete from genre;
delete from theme;
delete from instrument;
delete from composition;
delete from groupe;
delete from artiste;

/* LIEU */

insert into lieu (nom,nom_continent) values ('Europe', null);
insert into lieu (nom,nom_continent) values ('Antarctique', null);
insert into lieu (nom,nom_continent) values ('Afrique', null);
insert into lieu (nom,nom_continent) values ('Amerique du Sud', null);
insert into lieu (nom,nom_continent) values ('Australie et Oceanie', null);
insert into lieu (nom,nom_continent) values ('Asie', null);
insert into lieu (nom,nom_continent) values ('Amerique du Nord', null);
insert into lieu (nom,nom_continent) values ('Angleterre', 'Europe');
insert into lieu (nom,nom_continent) values ('France', 'Europe');
insert into lieu (nom,nom_continent) values ('Pologne', 'Europe');
insert into lieu (nom,nom_continent) values ('Espagne', 'Europe');
insert into lieu (nom,nom_continent) values ('Italie', 'Europe')
insert into lieu (nom,nom_continent) values ('Hongrie', 'Europe');
insert into lieu (nom,nom_continent) values ('Chine', 'Asie');
insert into lieu (nom,nom_continent) values ('Japon', 'Asie');
insert into lieu (nom,nom_continent) values ('EU', 'Amerique du Nord');
insert into lieu (nom,nom_continent) values ('Canada', 'Amerique du Nord');
insert into lieu (nom,nom_continent) values ('Egypte', 'Afrique');
insert into lieu (nom,nom_continent) values ('Maroc', 'Afrique');
insert into lieu (nom,nom_continent) values ('Argentine', 'Amerique du Sud');
insert into lieu (nom,nom_continent) values ('Australie', 'Australie et Oceanie');
insert into lieu (nom,nom_continent) values ('Colombie', 'Amerique du Sud');

/* CLIENT */

insert into client (adresseip,codepostal) values ('105.134.139.180', 56380);
insert into client (adresseip,codepostal) values ('46.98.58.75', 54590);
insert into client (adresseip,codepostal) values ('58.30.146.3', 56050);
insert into client (adresseip,codepostal) values ('41.199.132.177', 60200);
insert into client (adresseip,codepostal) values ('178.163.97.152', 62290);
insert into client (adresseip,codepostal) values ('197.177.172.84', 61330);
insert into client (adresseip,codepostal) values ('19.87.216.73', 66640);
insert into client (adresseip,codepostal) values ('41.29.131.18', 66050);
insert into client (adresseip,codepostal) values ('25.70.246.81', 56200);
insert into client (adresseip,codepostal) values ('242.161.211.249', 59930);
insert into client (adresseip,codepostal) values ('9.89.99.25', 63770);
insert into client (adresseip,codepostal) values ('122.235.49.49', 56660);
insert into client (adresseip,codepostal) values ('67.192.64.199', 55000);
insert into client (adresseip,codepostal) values ('12.173.246.210', 67920);
insert into client (adresseip,codepostal) values ('112.182.10.190', 68610);
insert into client (adresseip,codepostal) values ('178.189.217.168', 60730);
insert into client (adresseip,codepostal) values ('95.213.121.162', 63290);
insert into client (adresseip,codepostal) values ('152.206.139.39', 58770);
insert into client (adresseip,codepostal) values ('124.117.255.204', 69080);
insert into client (adresseip,codepostal) values ('176.255.89.158', 69100);
insert into client (adresseip,codepostal) values ('12.72.41.3', 58570);
insert into client (adresseip,codepostal) values ('227.4.149.193', 66360);
insert into client (adresseip,codepostal) values ('166.143.140.73', 61300);
insert into client (adresseip,codepostal) values ('145.51.104.29', 61390);
insert into client (adresseip,codepostal) values ('88.29.215.58', 66420);
insert into client (adresseip,codepostal) values ('184.16.111.195', 54980);
insert into client (adresseip,codepostal) values ('174.160.122.32', 56920);
insert into client (adresseip,codepostal) values ('46.239.165.189', 54110);
insert into client (adresseip,codepostal) values ('159.167.76.236', 67210);
insert into client (adresseip,codepostal) values ('17.70.20.2', 62910);
insert into client (adresseip,codepostal) values ('71.46.177.135', 66830);
insert into client (adresseip,codepostal) values ('174.50.220.216', 55240);
insert into client (adresseip,codepostal) values ('72.124.246.251', 59370);
insert into client (adresseip,codepostal) values ('250.17.132.193', 66280);
insert into client (adresseip,codepostal) values ('85.140.205.125', 55330);
insert into client (adresseip,codepostal) values ('73.126.77.103', 62250);
insert into client (adresseip,codepostal) values ('78.141.226.242', 63210);
insert into client (adresseip,codepostal) values ('19.82.65.34', 56710);
insert into client (adresseip,codepostal) values ('169.34.20.237', 63040);
insert into client (adresseip,codepostal) values ('102.167.89.234', 63080);
insert into client (adresseip,codepostal) values ('22.71.231.148', 69780);
insert into client (adresseip,codepostal) values ('35.72.191.137', 64300);
insert into client (adresseip,codepostal) values ('212.93.63.9', 68360);
insert into client (adresseip,codepostal) values ('60.144.125.19', 64320);
insert into client (adresseip,codepostal) values ('70.222.106.178', 56850);
insert into client (adresseip,codepostal) values ('254.242.116.65', 56690);
insert into client (adresseip,codepostal) values ('60.237.153.94', 64800);
insert into client (adresseip,codepostal) values ('29.82.248.84', 64160);
insert into client (adresseip,codepostal) values ('38.233.2.21', 62300);
insert into client (adresseip,codepostal) values ('241.163.175.177', 62240);
insert into client (adresseip,codepostal) values ('98.148.247.162', 69200);
insert into client (adresseip,codepostal) values ('244.176.130.115', 58490);
insert into client (adresseip,codepostal) values ('57.41.178.38', 69060);
insert into client (adresseip,codepostal) values ('2.86.80.4', 64970);
insert into client (adresseip,codepostal) values ('179.55.156.34', 57410);
insert into client (adresseip,codepostal) values ('49.140.5.20', 56470);
insert into client (adresseip,codepostal) values ('25.101.137.129', 55040);
insert into client (adresseip,codepostal) values ('164.226.79.104', 56620);
insert into client (adresseip,codepostal) values ('72.236.209.162', 57310);
insert into client (adresseip,codepostal) values ('174.159.177.18', 60590);
insert into client (adresseip,codepostal) values ('139.152.240.82', 67370);
insert into client (adresseip,codepostal) values ('160.210.74.5', 54700);
insert into client (adresseip,codepostal) values ('204.53.30.50', 54320);
insert into client (adresseip,codepostal) values ('43.20.45.144', 56360);
insert into client (adresseip,codepostal) values ('220.227.237.202', 57220);
insert into client (adresseip,codepostal) values ('230.110.179.242', 59590);
insert into client (adresseip,codepostal) values ('228.97.212.96', 59080);
insert into client (adresseip,codepostal) values ('150.71.247.39', 60130);
insert into client (adresseip,codepostal) values ('68.198.104.197', 57340);
insert into client (adresseip,codepostal) values ('169.243.45.123', 57660);
insert into client (adresseip,codepostal) values ('73.116.234.228', 63980);
insert into client (adresseip,codepostal) values ('121.73.202.77', 68100);
insert into client (adresseip,codepostal) values ('148.225.114.128', 61730);
insert into client (adresseip,codepostal) values ('124.118.29.206', 68130);
insert into client (adresseip,codepostal) values ('72.150.50.65', 58600);
insert into client (adresseip,codepostal) values ('123.229.165.199', 57560);
insert into client (adresseip,codepostal) values ('89.11.94.58', 62690);
insert into client (adresseip,codepostal) values ('110.79.9.70', 65030);
insert into client (adresseip,codepostal) values ('242.180.112.25', 54090);
insert into client (adresseip,codepostal) values ('59.206.138.78', 54390);
insert into client (adresseip,codepostal) values ('45.199.164.54', 67610);
insert into client (adresseip,codepostal) values ('174.84.169.182', 67030);
insert into client (adresseip,codepostal) values ('225.237.87.114', 64180);
insert into client (adresseip,codepostal) values ('243.2.147.152', 54970);
insert into client (adresseip,codepostal) values ('75.44.168.57', 69520);
insert into client (adresseip,codepostal) values ('145.88.214.171', 54190);
insert into client (adresseip,codepostal) values ('242.90.44.16', 67720);
insert into client (adresseip,codepostal) values ('123.13.242.178', 55490);
insert into client (adresseip,codepostal) values ('80.99.31.42', 63020);
insert into client (adresseip,codepostal) values ('67.16.228.60', 64870);
insert into client (adresseip,codepostal) values ('7.92.20.247', 55070);
insert into client (adresseip,codepostal) values ('14.5.142.197', 68600);
insert into client (adresseip,codepostal) values ('143.87.214.168', 64160);
insert into client (adresseip,codepostal) values ('29.242.139.85', 63190);
insert into client (adresseip,codepostal) values ('59.222.227.181', 64920);
insert into client (adresseip,codepostal) values ('125.8.12.3', 62000);
insert into client (adresseip,codepostal) values ('5.213.187.143', 67070);
insert into client (adresseip,codepostal) values ('24.29.228.204', 66370);
insert into client (adresseip,codepostal) values ('199.57.162.156', 65830);
insert into client (adresseip,codepostal) values ('142.112.143.178', 55090);

/* GENRE */

insert into genre (nom,nom_genre) values ('Fantaisie', null);
insert into genre (nom,nom_genre) values ('Horreur', null);
insert into genre (nom,nom_genre) values ('Drame', null);
insert into genre (nom,nom_genre) values ('Classique', null);
insert into genre (nom,nom_genre) values ('Folklore', null);
insert into genre (nom,nom_genre) values ('Rock', null);
insert into genre (nom,nom_genre) values ('Electronique', null);
insert into genre (nom,nom_genre) values ('Rap', null);
insert into genre (nom,nom_genre) values ('Pop', null);
insert into genre (nom,nom_genre) values ('Science fiction', 'Fantaisie');
insert into genre (nom,nom_genre) values ('Gore', 'Horreur');
insert into genre (nom,nom_genre) values ('Horreur psychologique', 'Horreur');
insert into genre (nom,nom_genre) values ('Baroque', 'Classique');
insert into genre (nom,nom_genre) values ('Celtique', 'Folklore');
insert into genre (nom,nom_genre) values ('Rock independant', 'Rock');
insert into genre (nom,nom_genre) values ('Rock alternatif', 'Rock');
insert into genre (nom,nom_genre) values ('Industriel', 'Electronique');
insert into genre (nom,nom_genre) values ('Ambient', 'Electronique');

/* THEME */

insert into theme (libelle) values ('Famille');
insert into theme (libelle) values ('Guerre');
insert into theme (libelle) values ('Medecine');
insert into theme (libelle) values ('Voyage');
insert into theme (libelle) values ('Science');
insert into theme (libelle) values ('Arts martiaux');
insert into theme (libelle) values ('Mysticisme');
insert into theme (libelle) values ('Religion');
insert into theme (libelle) values ('Philosophie');
insert into theme (libelle) values ('Langues');

/* INSTRUMENT */

insert into instrument (nom,categorie) values ('Guitare', 'Cordes');
insert into instrument (nom,categorie) values ('Flute', 'Bois');
insert into instrument (nom,categorie) values ('Violon', 'Cordes');
insert into instrument (nom,categorie) values ('Triangle', 'Autre');
insert into instrument (nom,categorie) values ('Percussion', 'Autre');
insert into instrument (nom,categorie) values ('Ordinateur', 'Autre');
insert into instrument (nom,categorie) values ('Voix', 'Voix');
insert into instrument (nom,categorie) values ('Piano', 'Claviers');
insert into instrument (nom,categorie) values ('Orgue', 'Claviers');
insert into instrument (nom,categorie) values ('Novation LaunchPad', 'Autre');

/* ARTISTE */

insert into artiste (nomartiste,nom,prenom,ddn,ddd) values ('A. de Saint-Exupery', 'de Saint-Exupéry', 'Antoine', '29-June-1900', '31-July-1944');
insert into artiste (nomartiste,nom,prenom,ddn,ddd) values ('G. Herling Grudzinski', 'Herling-Grudzinski', 'Gustaw', '20-May-1919', '4-July-2000');
insert into artiste (nomartiste,nom,prenom,ddn,ddd) values ('B. Pascal', 'Pascal', 'Blaise', '19-June-1623', '19-August-1662');
insert into artiste (nomartiste,nom,prenom,ddn,ddd) values ('J. K. Rowling', 'Rowling', 'J. K.', '31-July-1965', null);
insert into artiste (nomartiste,nom,prenom,ddn,ddd) values ('E. L. James', 'James', 'E. L.', '7-March-1963', null);
insert into artiste (nomartiste,nom,prenom,ddn,ddd) values ('A. Levine', 'Levine', 'Adam', '18-March-1979', null);
insert into artiste (nomartiste,nom,prenom,ddn,ddd) values ('J. Valentine', 'Valentine', 'James', '5-October-1978', null);
insert into artiste (nomartiste,nom,prenom,ddn,ddd) values ('M. Flynn', 'Flynn', 'Matt', '23-May-1970', null);
insert into artiste (nomartiste,nom,prenom,ddn,ddd) values ('C. Martin', 'Martin', 'Chris', '2-March-1977', null);
insert into artiste (nomartiste,nom,prenom,ddn,ddd) values ('G. Berryman', 'Berryman', 'Guy', '12-April-1978', null);
insert into artiste (nomartiste,nom,prenom,ddn,ddd) values ('J. Buckland', 'Buckland', 'Jon', '11-September-1977', null);
insert into artiste (nomartiste,nom,prenom,ddn,ddd) values ('W. Champion', 'Champion', 'Will', '31-July-1978', null);
insert into artiste (nomartiste,nom,prenom,ddn,ddd) values ('T. Yorke', 'Yorke', 'Thom', '7-October-1968', null);
insert into artiste (nomartiste,nom,prenom,ddn,ddd) values ('J. Greenwood', 'Greenwood', 'Jonny', '5-November-1971', null);
insert into artiste (nomartiste,nom,prenom,ddn,ddd) values ('C. Greenwood', 'Greenwood', 'Colin', '26-June-1969', null);
insert into artiste (nomartiste,nom,prenom,ddn,ddd) values ('K. Melua', 'Melua', 'Katie', '16-September-1984', null);
insert into artiste (nomartiste,nom,prenom,ddn,ddd) values ('Eminem', 'Mathers', 'Marshall Bruce', '17-October-1972', null);
insert into artiste (nomartiste,nom,prenom,ddn,ddd) values ('D. Guetta', 'Guetta', 'David', '7-November-1967', null);
insert into artiste (nomartiste,nom,prenom,ddn,ddd) values ('M. Jackson', 'Jackson', 'Michael', '29-August-1958', '25-June-2009');
insert into artiste (nomartiste,nom,prenom,ddn,ddd) values ('H. Zimmer', 'Zimmer', 'Hans', '12-Sep-1957', null);
insert into artiste (nomartiste,nom,prenom,ddn,ddd) values ('C. Nolan', 'Nolan', 'Christopher', '30-July-1970', null);
insert into artiste (nomartiste,nom,prenom,ddn,ddd) values ('P. Almodovar', 'Almodóvar', 'Pedro', '25-September-1949', null);
insert into artiste (nomartiste,nom,prenom,ddn,ddd) values ('P. Pawlikowski', 'Pawlikowski', 'Pawel', '15-September-1957', null);
insert into artiste (nomartiste,nom,prenom,ddn,ddd) values ('S. Spielberg', 'Spielberg', 'Steven', '18-December-1946', null);
insert into artiste (nomartiste,nom,prenom,ddn,ddd) values ('G. Lucas', 'Lucas', 'George', '14-May-1944', null);
insert into artiste (nomartiste,nom,prenom,ddn,ddd) values ('S. Kubrick', 'Kubrick', 'Stanley', '26-Jul-1928', '7-Mar-1999');
insert into artiste (nomartiste,nom,prenom,ddn,ddd) values ('T. Hanks', 'Hanks', 'Tom', '9-July-1956', null);
insert into artiste (nomartiste,nom,prenom,ddn,ddd) values ('A. Hathaway', 'Hathaway', 'Anne', '12-Nov-1982', null);
insert into artiste (nomartiste,nom,prenom,ddn,ddd) values ('A. Banderas', 'Banderas', 'Antonio', '10-Aug-1960', null);
insert into artiste (nomartiste,nom,prenom,ddn,ddd) values ('A. Kulesza', 'Kulesza', 'Anna', '27-Sep-1971', null);
insert into artiste (nomartiste,nom,prenom,ddn,ddd) values ('L. DiCaprio', 'DiCaprio', 'Leonardo', '11-Nov-1974', null);
insert into artiste (nomartiste,nom,prenom,ddn,ddd) values ('M. McConaughey', 'McConaughey', 'Matthew', '4-Nov-1969', null);
insert into artiste (nomartiste,nom,prenom,ddn,ddd) values ('H. Ford', 'Ford', 'Harrison', '13-Jul-1942', null);
insert into artiste (nomartiste,nom,prenom,ddn,ddd) values ('Guy-Man', 'De Homem-Christo', 'Guy-Manuel', '8-FEBRUARY-1974', null);
insert into artiste (nomartiste,nom,prenom,ddn,ddd) values ('T. Bangalter', 'Bangalter', 'Thomas', '3-JANUARY-1975', null);
insert into artiste (nomartiste,nom,prenom,ddn,ddd) values ('J. Wayne', 'Wayne', 'John', '26-MAY-1907', '11-JUNE-1979');
insert into artiste (nomartiste,nom,prenom,ddn,ddd) values ('M. Hazanavicius', 'Hazanavicius', 'Michel', '29-MARCH-1967', null);
insert into artiste (nomartiste,nom,prenom,ddn,ddd) values ('Madeon', 'Leclercq', 'Hugo', '30-MAY-1994', null);
insert into artiste (nomartiste,nom,prenom,ddn,ddd) values ('A. Kristof', 'Kristof', 'Agota', '30-OCTOBER-1935', '27-JULY-2011');

/* LIVRE */

insert into oeuvre (titre,datecreation,nom,langue,epoque) values ('Le Petit Prince', '14-Mar-1943', 'France', 'francais', 'Epoque contemporaine');
insert into livre (titre,datecreation) values ('Le Petit Prince', '14-Mar-1943');
insert into auteur (nomartiste,titre,datecreation) values ('A. de Saint-Exupery', 'Le Petit Prince', '14-Mar-1943');
insert into oeuvre (titre,datecreation,nom,langue,epoque) values ('Un monde a Part', '16-Sep-1950', 'Pologne', 'polonais', 'Epoque contemporaine');
insert into livre (titre,datecreation) values ('Un monde a Part', '16-Sep-1950');
insert into auteur (nomartiste,titre,datecreation) values ('G. Herling Grudzinski', 'Un monde a Part', '16-Sep-1950');
insert into oeuvre (titre,datecreation,nom,langue,epoque) values ('Pensees', '15-Feb-1660', 'France', 'francais', 'Renaissance');
insert into livre (titre,datecreation) values ('Pensees', '15-Feb-1660');
insert into auteur (nomartiste,titre,datecreation) values ('B. Pascal', 'Pensees', '15-Feb-1660');
insert into oeuvre (titre,datecreation,nom,langue,epoque) values ('Harry Potter a l''ecole des sorciers', '27-Jun-1997', 'Angleterre', 'anglais', 'Epoque contemporaine');
insert into livre (titre,datecreation) values ('Harry Potter a l''ecole des sorciers', '27-Jun-1997');
insert into auteur (nomartiste,titre,datecreation) values ('J. K. Rowling', 'Harry Potter a l''ecole des sorciers', '27-Jun-1997');
insert into oeuvre (titre,datecreation,nom,langue,epoque) values ('Harry Potter et la Chambre des secrets', '2-Jul-1999', 'Angleterre', 'anglais', 'Epoque contemporaine');
insert into livre (titre,datecreation) values ('Harry Potter et la Chambre des secrets', '2-Jul-1999');
insert into auteur (nomartiste,titre,datecreation) values ('J. K. Rowling', 'Harry Potter et la Chambre des secrets', '2-Jul-1999');
insert into oeuvre (titre,datecreation,nom,langue,epoque) values ('50 nuances de Gray', '5-May-2011', 'EU', 'anglais', 'Epoque contemporaine');
insert into livre (titre,datecreation) values ('50 nuances de Gray', '5-May-2011');
insert into auteur (nomartiste,titre,datecreation) values ('E. L. James', '50 nuances de Gray', '5-May-2011');

/* GROUPE */

insert into groupe (nom,nature) values ('Maroon 5', 'Groupe pop');
insert into composition (nom_groupe,nomartiste,role) values ('Maroon 5', 'A. Levine', 'chanteur');
insert into composition (nom_groupe,nomartiste,role) values ('Maroon 5', 'J. Valentine', 'guitariste');
insert into composition (nom_groupe,nomartiste,role) values ('Maroon 5', 'M. Flynn', 'guitariste');
insert into groupe (nom,nature) values ('Radiohead', 'Groupe rock');
insert into composition (nom_groupe,nomartiste,role) values ('Radiohead', 'J. Greenwood', 'percussion');
insert into composition (nom_groupe,nomartiste,role) values ('Radiohead', 'C. Greenwood', 'guitariste');
insert into composition (nom_groupe,nomartiste,role) values ('Radiohead', 'T. Yorke', 'chanteur');
insert into groupe (nom,nature) values ('Coldplay', 'Groupe rock');
insert into composition (nom_groupe,nomartiste,role) values ('Coldplay', 'J. Buckland', 'bass');
insert into composition (nom_groupe,nomartiste,role) values ('Coldplay', 'C. Greenwood', 'guitariste');
insert into composition (nom_groupe,nomartiste,role) values ('Coldplay', 'G. Berryman', 'chanteur');
insert into composition (nom_groupe,nomartiste,role) values ('Coldplay', 'C. Martin', 'chanteur');
insert into composition (nom_groupe,nomartiste,role) values ('Coldplay', 'W. Champion', 'clavier');
insert into groupe (nom,nature) values ('New York Orchestra', 'Orchestre');
insert into composition (nom_groupe,nomartiste,role) values ('New York Orchestra', 'H. Zimmer', 'chef d''orchestre');
insert into groupe (nom,nature) values ('Daft Punk', 'Autre');
insert into composition (nom_groupe,nomartiste,role) values ('Daft Punk', 'Guy-Man', 'selection artistique');
insert into composition (nom_groupe,nomartiste,role) values ('Daft Punk', 'T. Bangalter', 'création artistique');

/* OEUVRE MUSICALE + GENRE */

insert into oeuvre (titre,datecreation,nom,langue,epoque) values ('Interstellar BO', '10-Jul-2014', 'EU', '-', 'Epoque contemporaine');
insert into oeuvre_musicale (titre,datecreation,nom_groupe,enregistrement,audio,bestof) values ('Interstellar BO', '10-Jul-2014', 'New York Orchestra', 'Studio', 'Ogg', 'F');
insert into auteur (nomartiste,titre,datecreation) values ('H. Zimmer', 'Interstellar BO', '10-Jul-2014');
insert into apourgenre (titre,datecreation,nom_genre,poids) values ('Interstellar BO', '10-Jul-2014', 'Science fiction', 4);
insert into oeuvre (titre,datecreation,nom,langue,epoque) values ('V', '10-Sep-2014', 'EU', 'anglais', 'Epoque contemporaine');
insert into oeuvre_musicale (titre,datecreation,nom_groupe,enregistrement,audio,bestof) values ('V', '10-Sep-2014', 'Maroon 5', 'Studio', 'WAV', 'F');
insert into auteur (nomartiste,titre,datecreation) values ('A. Levine', 'V', '10-Sep-2014');
insert into apourgenre (titre,datecreation,nom_genre,poids) values ('V', '10-Sep-2014', 'Rock', 4);
insert into oeuvre (titre,datecreation,nom,langue,epoque) values ('V (live)', '1-Jan-2015', 'EU', 'anglais', 'Epoque contemporaine');
insert into oeuvre_musicale (titre,datecreation,nom_groupe,enregistrement,audio,bestof) values ('V (live)', '1-Jan-2015', 'Maroon 5', 'Public', 'CAF', 'F');
insert into auteur (nomartiste,titre,datecreation) values ('A. Levine', 'V (live)', '1-Jan-2015');
insert into apourgenre (titre,datecreation,nom_genre,poids) values ('V (live)', '1-Jan-2015', 'Rock', 2);
insert into oeuvre (titre,datecreation,nom,langue,epoque) values ('OK Computer', '16-Jun-1997', 'Angleterre', 'anglais', 'Epoque contemporaine');
insert into oeuvre_musicale (titre,datecreation,nom_groupe,enregistrement,audio,bestof) values ('OK Computer', '16-Jun-1997', 'Radiohead', 'Studio', 'Ogg', 'F');
insert into auteur (nomartiste,titre,datecreation) values ('T. Yorke', 'OK Computer', '16-Jun-1997');
insert into apourgenre (titre,datecreation,nom_genre,poids) values ('OK Computer', '16-Jun-1997', 'Rock alternatif', 1);
insert into apourgenre (titre,datecreation,nom_genre,poids) values ('OK Computer', '16-Jun-1997', 'Electronique', 4);
insert into oeuvre (titre,datecreation,nom,langue,epoque) values ('Pictures', '1-Oct-2007', 'Angleterre', 'anglais', 'Epoque contemporaine');
insert into oeuvre_musicale (titre,datecreation,nom_groupe,enregistrement,audio,bestof) values ('Pictures', '1-Oct-2007', null, 'Studio', 'Ogg', 'F');
insert into auteur (nomartiste,titre,datecreation) values ('K. Melua', 'Pictures', '1-Oct-2007');
insert into apourgenre (titre,datecreation,nom_genre,poids) values ('Pictures', '1-Oct-2007', 'Pop', 1);
insert into oeuvre (titre,datecreation,nom,langue,epoque) values ('The Marshall Mathers LP 2', '6-Apr-2012', 'EU', 'anglais', 'Epoque contemporaine');
insert into oeuvre_musicale (titre,datecreation,nom_groupe,enregistrement,audio,bestof) values ('The Marshall Mathers LP 2', '6-Apr-2012', null, 'Studio', 'Ogg', 'F');
insert into auteur (nomartiste,titre,datecreation) values ('Eminem', 'The Marshall Mathers LP 2', '6-Apr-2012');
insert into apourgenre (titre,datecreation,nom_genre,poids) values ('The Marshall Mathers LP 2', '6-Apr-2012', 'Rap', 2);
insert into apourgenre (titre,datecreation,nom_genre,poids) values ('The Marshall Mathers LP 2', '6-Apr-2012', 'Pop', 2);
insert into oeuvre (titre,datecreation,nom,langue,epoque) values ('Thriller', '30-Nov-1982', 'EU', 'anglais', 'Epoque contemporaine');
insert into oeuvre_musicale (titre,datecreation,nom_groupe,enregistrement,audio,bestof) values ('Thriller', '30-Nov-1982', null, 'Studio', 'Ogg', 'F');
insert into auteur (nomartiste,titre,datecreation) values ('M. Jackson', 'Thriller', '30-Nov-1982');
insert into apourgenre (titre,datecreation,nom_genre,poids) values ('Thriller', '30-Nov-1982', 'Pop', 1);

/* ADAPTATION */

insert into adaptation (titre_oe_adaptee,datecreation_oe_adaptee,titre_oe_originale,datecreation_oe_originale,nature) values ('V (live)', '1-Jan-2015', 'V', '10-Sep-2014', 'Concert');

/* FILM + THEME */

insert into oeuvre (titre,datecreation,nom,langue,epoque) values ('La piel que habito', '13-Aug-2011', 'Espagne', 'espagnol', 'Epoque contemporaine');
insert into film (titre,datecreation,titre_bo,datecreation_bo,long_metrage,couleur,numerique,audio) values ('La piel que habito', '13-Aug-2011', null, null, 'V', 'V', 'V', 'Stereo');
insert into auteur (nomartiste,titre,datecreation) values ('P. Almodovar', 'La piel que habito', '13-Aug-2011');
insert into distribution (titre,datecreation,nomartiste,principal,personnage) values ('La piel que habito', '13-Aug-2011', 'A. Banderas', 'V', 'idiot du village');
insert into distribution (titre,datecreation,nomartiste,principal,personnage) values ('La piel que habito', '13-Aug-2011', 'A. Hathaway', 'F', 'idiot du village');
insert into oeuvre (titre,datecreation,nom,langue,epoque) values ('Ida', '28-Feb-2014', 'Pologne', 'polonais', 'Epoque contemporaine');
insert into film (titre,datecreation,titre_bo,datecreation_bo,long_metrage,couleur,numerique,audio) values ('Ida', '28-Feb-2014', null, null, 'V', 'F', 'V', 'Mono');
insert into auteur (nomartiste,titre,datecreation) values ('P. Pawlikowski', 'Ida', '28-Feb-2014');
insert into distribution (titre,datecreation,nomartiste,principal,personnage) values ('Ida', '28-Feb-2014', 'A. Kulesza', 'V', 'idiot du village');
insert into distribution (titre,datecreation,nomartiste,principal,personnage) values ('Ida', '28-Feb-2014', 'L. DiCaprio', 'F', 'detective decadent');
insert into apourtheme (titre,datecreation,libelle,poids) values ('Ida', '28-Feb-2014', 'Guerre', 3);
insert into oeuvre (titre,datecreation,nom,langue,epoque) values ('Saving Ryan', '24-Dec-1997', 'EU', 'anglais', 'Epoque contemporaine');
insert into film (titre,datecreation,titre_bo,datecreation_bo,long_metrage,couleur,numerique,audio) values ('Saving Ryan', '24-Dec-1997', null, null, 'V', 'V', 'V', 'Stereo');
insert into auteur (nomartiste,titre,datecreation) values ('S. Spielberg', 'Saving Ryan', '24-Dec-1997');
insert into distribution (titre,datecreation,nomartiste,principal,personnage) values ('Saving Ryan', '24-Dec-1997', 'T. Hanks', 'V', 'amoureux eperdu');
insert into distribution (titre,datecreation,nomartiste,principal,personnage) values ('Saving Ryan', '24-Dec-1997', 'H. Zimmer', 'F', 'comique de service');
insert into apourtheme (titre,datecreation,libelle,poids) values ('Saving Ryan', '24-Dec-1997', 'Guerre', 1);
insert into oeuvre (titre,datecreation,nom,langue,epoque) values ('Star Wars', '3-May-1977', 'EU', 'anglais', 'Epoque contemporaine');
insert into film (titre,datecreation,titre_bo,datecreation_bo,long_metrage,couleur,numerique,audio) values ('Star Wars', '3-May-1977', null, null, 'V', 'V', 'F', 'Mono');
insert into auteur (nomartiste,titre,datecreation) values ('G. Lucas', 'Star Wars', '3-May-1977');
insert into distribution (titre,datecreation,nomartiste,principal,personnage) values ('Star Wars', '3-May-1977', 'G. Lucas', 'V', 'idiot du village');
insert into distribution (titre,datecreation,nomartiste,principal,personnage) values ('Star Wars', '3-May-1977', 'H. Ford', 'F', 'detective decadent');
insert into apourtheme (titre,datecreation,libelle,poids) values ('Star Wars', '3-May-1977', 'Famille', 4);
insert into apourtheme (titre,datecreation,libelle,poids) values ('Star Wars', '3-May-1977', 'Guerre', 1);
insert into oeuvre (titre,datecreation,nom,langue,epoque) values ('2001, l''Odyssée de l''espace', '17-Oct-1968', 'Angleterre', 'anglais', 'Epoque contemporaine');
insert into film (titre,datecreation,titre_bo,datecreation_bo,long_metrage,couleur,numerique,audio) values ('2001, l''Odyssée de l''espace', '17-Oct-1968', null, null, 'V', 'V', 'F', 'Stereo');
insert into auteur (nomartiste,titre,datecreation) values ('S. Kubrick', '2001, l''Odyssée de l''espace', '17-Oct-1968');
insert into apourtheme (titre,datecreation,libelle,poids) values ('2001, l''Odyssée de l''espace', '17-Oct-1968', 'Mysticisme', 4);
insert into oeuvre (titre,datecreation,nom,langue,epoque) values ('Interstellar', '10-Jul-2014', 'EU', 'anglais', 'Epoque contemporaine');
insert into film (titre,datecreation,titre_bo,datecreation_bo,long_metrage,couleur,numerique,audio) values ('Interstellar', '10-Jul-2014', 'Interstellar BO', '10-Jul-2014', 'V', 'V', 'V', 'Stereo');
insert into auteur (nomartiste,titre,datecreation) values ('C. Nolan', 'Interstellar', '10-Jul-2014');
insert into distribution (titre,datecreation,nomartiste,principal,personnage) values ('Interstellar', '10-Jul-2014', 'M. McConaughey', 'V', 'comique de service');
insert into distribution (titre,datecreation,nomartiste,principal,personnage) values ('Interstellar', '10-Jul-2014', 'A. Hathaway', 'F', 'detective decadent');
insert into apourtheme (titre,datecreation,libelle,poids) values ('Interstellar', '10-Jul-2014', 'Science', 1);

/* MANIFESTATION */

insert into manifestation (nom_manif,date_manif) values ('Grand Prix Berlin', '5-Oct-2007');
insert into distinction (nom_manif,date_manif,titre,datecreation,nature) values ('Grand Prix Berlin', '5-Oct-2007', 'Saving Ryan', '24-Dec-1997', '1 prix');
insert into distinction (nom_manif,date_manif,titre,datecreation,nature) values ('Grand Prix Berlin', '5-Oct-2007', 'La piel que habito', '13-Aug-2011', '2 prix');
insert into manifestation (nom_manif,date_manif) values ('Grand Prix Los Angeles', '4-Oct-2009');
insert into distinction (nom_manif,date_manif,titre,datecreation,nature) values ('Grand Prix Los Angeles', '4-Oct-2009', 'Interstellar BO', '10-Jul-2014', '1 prix');
insert into distinction (nom_manif,date_manif,titre,datecreation,nature) values ('Grand Prix Los Angeles', '4-Oct-2009', 'Interstellar BO', '10-Jul-2014', '2 prix');
insert into manifestation (nom_manif,date_manif) values ('Grammy Awards', '26-JANUARY-2014');
insert into manifestation (nom_manif,date_manif) values ('European prize for French literature', '01-JANUARY-1986');

/* ARTICLE */

insert into article (reference,titre,datecreation,prix,collection,promotion,dateparution,traducteur,editeur) values ('1', '2001, l''Odyssée de l''espace', '17-Oct-1968', 46.34, 'collection #7', null, '2-Jul-2014', 'Jonathan Snowden', 'Sally Lockhart');
insert into article (reference,titre,datecreation,prix,collection,promotion,dateparution,traducteur,editeur) values ('2', '2001, l''Odyssée de l''espace', '17-Oct-1968', 56.70, 'collection #5', null, '6-Jan-2014', 'Kirk Poitras', 'Sally Lockhart');
insert into article (reference,titre,datecreation,prix,collection,promotion,dateparution,traducteur,editeur) values ('3', '50 nuances de Gray', '05-May-2011', 73.12, 'collection #5', null, '25-May-2014', 'Julie Assange', 'Sally Lockhart');
insert into article (reference,titre,datecreation,prix,collection,promotion,dateparution,traducteur,editeur) values ('4', 'Harry Potter a l''ecole des sorciers', '27-Jun-1997', 55.74, 'collection #4', null, '8-Sep-2014', 'Julie Assange', 'Alice Magique');
insert into article (reference,titre,datecreation,prix,collection,promotion,dateparution,traducteur,editeur) values ('5', 'Harry Potter et la Chambre des secrets', '02-Jul-1999', 38.74, 'collection #1', null, '14-Aug-2014', 'Julie Assange', 'Sherlock Watson');
insert into article (reference,titre,datecreation,prix,collection,promotion,dateparution,traducteur,editeur) values ('6', 'Ida', '28-Feb-2014', 60.32, 'collection #4', null, '10-Oct-2014', 'Jonathan Snowden', 'Tomasz Golop');
insert into article (reference,titre,datecreation,prix,collection,promotion,dateparution,traducteur,editeur) values ('7', 'Interstellar', '10-Jul-2014', 40.06, 'collection #7', null, '2-Jun-2014', 'Jonathan Snowden', 'Adam Jensen');
insert into article (reference,titre,datecreation,prix,collection,promotion,dateparution,traducteur,editeur) values ('8', 'Interstellar', '10-Jul-2014', 74.08, 'collection #2', null, '18-Jun-2014', 'Antoine Petitjean', 'Sally Lockhart');
insert into article (reference,titre,datecreation,prix,collection,promotion,dateparution,traducteur,editeur) values ('9', 'Interstellar BO', '10-Jul-2014', 42.53, 'collection #3', 2.58, '16-Dec-2014', 'Kirk Poitras', 'Adam Jensen');
insert into article (reference,titre,datecreation,prix,collection,promotion,dateparution,traducteur,editeur) values ('10', 'Interstellar BO', '10-Jul-2014', 64.23, 'collection #2', 4.90, '21-Dec-2014', 'Jonathan Snowden', 'Adam Jensen');
insert into article (reference,titre,datecreation,prix,collection,promotion,dateparution,traducteur,editeur) values ('11', 'La piel que habito', '13-Aug-2011', 30.12, 'collection #8', null, '9-Apr-2014', 'Jonathan Snowden', 'Adam Jensen');
insert into article (reference,titre,datecreation,prix,collection,promotion,dateparution,traducteur,editeur) values ('12', 'Le Petit Prince', '14-Mar-1943', 65.81, 'collection #6', null, '14-May-2014', 'Kirk Poitras', 'Sherlock Watson');
insert into article (reference,titre,datecreation,prix,collection,promotion,dateparution,traducteur,editeur) values ('13', 'OK Computer', '16-Jun-1997', 66.72, 'collection #1', null, '25-Apr-2014', 'Antoine Petitjean', 'Bruce Unikitty');
insert into article (reference,titre,datecreation,prix,collection,promotion,dateparution,traducteur,editeur) values ('14', 'Pensees', '15-Feb-1660', 43.97, 'collection #4', null, '23-Jun-2014', 'Kirk Poitras', 'Adam Jensen');
insert into article (reference,titre,datecreation,prix,collection,promotion,dateparution,traducteur,editeur) values ('15', 'Pensees', '15-Feb-1660', 32.63, 'collection #8', null, '13-Jan-2014', 'Julie Assange', 'Sherlock Watson');
insert into article (reference,titre,datecreation,prix,collection,promotion,dateparution,traducteur,editeur) values ('16', 'Pictures', '01-Oct-2007', 39.25, 'collection #7', 9.77, '6-Oct-2014', 'Kirk Poitras', 'Bruce Unikitty');
insert into article (reference,titre,datecreation,prix,collection,promotion,dateparution,traducteur,editeur) values ('17', 'Pictures', '01-Oct-2007', 30.91, 'collection #5', null, '2-Mar-2014', 'Antoine Petitjean', 'Adam Jensen');
insert into article (reference,titre,datecreation,prix,collection,promotion,dateparution,traducteur,editeur) values ('18', 'Saving Ryan', '24-Dec-1997', 27.28, 'collection #3', null, '21-Jan-2014', 'Kirk Poitras', 'Alice Magique');
insert into article (reference,titre,datecreation,prix,collection,promotion,dateparution,traducteur,editeur) values ('19', 'Star Wars', '03-May-1977', 60.68, 'collection #4', null, '1-Dec-2014', 'Julie Assange', 'Sally Lockhart');
insert into article (reference,titre,datecreation,prix,collection,promotion,dateparution,traducteur,editeur) values ('20', 'The Marshall Mathers LP 2', '06-Apr-2012', 26.78, 'collection #2', null, '15-Sep-2014', 'Julie Assange', 'Alice Magique');
insert into article (reference,titre,datecreation,prix,collection,promotion,dateparution,traducteur,editeur) values ('21', 'Thriller', '30-Nov-1982', 31.51, 'collection #2', null, '2-Jul-2014', 'Julie Assange', 'Alice Magique');
insert into article (reference,titre,datecreation,prix,collection,promotion,dateparution,traducteur,editeur) values ('22', 'Thriller', '30-Nov-1982', 59.42, 'collection #7', null, '25-Aug-2014', 'Jonathan Snowden', 'Adam Jensen');
insert into article (reference,titre,datecreation,prix,collection,promotion,dateparution,traducteur,editeur) values ('23', 'Un monde a Part', '16-Sep-1950', 32.61, 'collection #3', null, '11-May-2014', 'Antoine Petitjean', 'Tomasz Golop');
insert into article (reference,titre,datecreation,prix,collection,promotion,dateparution,traducteur,editeur) values ('24', 'Un monde a Part', '16-Sep-1950', 29.72, 'collection #1', null, '14-May-2014', 'Kirk Poitras', 'Sally Lockhart');
insert into article (reference,titre,datecreation,prix,collection,promotion,dateparution,traducteur,editeur) values ('25', 'V', '10-Sep-2014', 44.56, 'collection #2', null, '22-Nov-2014', 'Julie Assange', 'Adam Jensen');
insert into article (reference,titre,datecreation,prix,collection,promotion,dateparution,traducteur,editeur) values ('26', 'V (live)', '01-Jan-2015', 62.25, 'collection #4', null, '20-Nov-2014', 'Antoine Petitjean', 'Alice Magique');

/* INTERPRETATION */

insert into interpretation (nomartiste,titre,datecreation,nom_instrument) values ('P. Pawlikowski', 'Interstellar BO', '10-Jul-2014', 'Guitare');
insert into interpretation (nomartiste,titre,datecreation,nom_instrument) values ('L. DiCaprio', 'Interstellar BO', '10-Jul-2014', 'Percussion');
insert into interpretation (nomartiste,titre,datecreation,nom_instrument) values ('D. Guetta', 'OK Computer', '16-Jun-1997', 'Ordinateur');
insert into interpretation (nomartiste,titre,datecreation,nom_instrument) values ('J. Greenwood', 'OK Computer', '16-Jun-1997', 'Triangle');
insert into interpretation (nomartiste,titre,datecreation,nom_instrument) values ('A. de Saint-Exupery', 'Pictures', '01-Oct-2007', 'Ordinateur');
insert into interpretation (nomartiste,titre,datecreation,nom_instrument) values ('C. Martin', 'Pictures', '01-Oct-2007', 'Percussion');
insert into interpretation (nomartiste,titre,datecreation,nom_instrument) values ('J. K. Rowling', 'Pictures', '01-Oct-2007', 'Guitare');
insert into interpretation (nomartiste,titre,datecreation,nom_instrument) values ('G. Lucas', 'Pictures', '01-Oct-2007', 'Ordinateur');
insert into interpretation (nomartiste,titre,datecreation,nom_instrument) values ('P. Almodovar', 'The Marshall Mathers LP 2', '06-Apr-2012', 'Flute');
insert into interpretation (nomartiste,titre,datecreation,nom_instrument) values ('M. McConaughey', 'The Marshall Mathers LP 2', '06-Apr-2012', 'Guitare');
insert into interpretation (nomartiste,titre,datecreation,nom_instrument) values ('J. Greenwood', 'Thriller', '30-Nov-1982', 'Orgue');
insert into interpretation (nomartiste,titre,datecreation,nom_instrument) values ('A. Kulesza', 'Thriller', '30-Nov-1982', 'Orgue');
insert into interpretation (nomartiste,titre,datecreation,nom_instrument) values ('A. Levine', 'Thriller', '30-Nov-1982', 'Percussion');
insert into interpretation (nomartiste,titre,datecreation,nom_instrument) values ('M. McConaughey', 'Thriller', '30-Nov-1982', 'Piano');
insert into interpretation (nomartiste,titre,datecreation,nom_instrument) values ('H. Ford', 'V', '10-Sep-2014', 'Ordinateur');
insert into interpretation (nomartiste,titre,datecreation,nom_instrument) values ('J. Valentine', 'V', '10-Sep-2014', 'Flute');
insert into interpretation (nomartiste,titre,datecreation,nom_instrument) values ('H. Zimmer', 'V (live)', '01-Jan-2015', 'Ordinateur');
insert into interpretation (nomartiste,titre,datecreation,nom_instrument) values ('P. Almodovar', 'V (live)', '01-Jan-2015', 'Orgue');
insert into interpretation (nomartiste,titre,datecreation,nom_instrument) values ('T. Hanks', 'V (live)', '01-Jan-2015', 'Flute');
insert into interpretation (nomartiste,titre,datecreation,nom_instrument) values ('J. Valentine', 'V (live)', '01-Jan-2015', 'Ordinateur');

/* ACHATS */

insert into achat (adresseip,reference,dateachat,quantite,promotion) values ('102.167.89.234', '24', '3-Apr-2014', 1, 14.62);
insert into achat (adresseip,reference,dateachat,quantite,promotion) values ('105.134.139.180', '21', '19-Jun-2014', 3, 15.59);
insert into achat (adresseip,reference,dateachat,quantite,promotion) values ('110.79.9.70', '21', '14-Oct-2014', 2, 10.50);
insert into achat (adresseip,reference,dateachat,quantite,promotion) values ('110.79.9.70', '25', '14-Oct-2014', 3, 13.23);
insert into achat (adresseip,reference,dateachat,quantite,promotion) values ('110.79.9.70', '3', '14-Oct-2014', 2, 1.52);
insert into achat (adresseip,reference,dateachat,quantite,promotion) values ('110.79.9.70', '20', '14-Oct-2014', 2, 1.86);
insert into achat (adresseip,reference,dateachat,quantite,promotion) values ('112.182.10.190', '7', '13-Aug-2014', 3, 11.25);
insert into achat (adresseip,reference,dateachat,quantite,promotion) values ('112.182.10.190', '9', '13-Aug-2014', 3, 13.89);
insert into achat (adresseip,reference,dateachat,quantite,promotion) values ('112.182.10.190', '21', '13-Aug-2014', 1, 13.12);
insert into achat (adresseip,reference,dateachat,quantite,promotion) values ('112.182.10.190', '16', '13-Aug-2014', 2, 14.61);
insert into achat (adresseip,reference,dateachat,quantite,promotion) values ('12.173.246.210', '14', '27-Apr-2014', 3, 8.72);
insert into achat (adresseip,reference,dateachat,quantite,promotion) values ('12.173.246.210', '13', '27-Apr-2014', 3, 11.47);
insert into achat (adresseip,reference,dateachat,quantite,promotion) values ('12.72.41.3', '26', '16-Jan-2014', 2, 13.10);
insert into achat (adresseip,reference,dateachat,quantite,promotion) values ('12.72.41.3', '23', '16-Jan-2014', 2, 8.62);
insert into achat (adresseip,reference,dateachat,quantite,promotion) values ('12.72.41.3', '8', '16-Jan-2014', 1, 10.52);
insert into achat (adresseip,reference,dateachat,quantite,promotion) values ('121.73.202.77', '3', '23-Dec-2014', 2, 3.63);
insert into achat (adresseip,reference,dateachat,quantite,promotion) values ('121.73.202.77', '2', '23-Dec-2014', 2, 15.88);
insert into achat (adresseip,reference,dateachat,quantite,promotion) values ('122.235.49.49', '1', '16-Jun-2014', 3, 15.19);
insert into achat (adresseip,reference,dateachat,quantite,promotion) values ('123.13.242.178', '20', '6-Dec-2014', 2, 14.56);
insert into achat (adresseip,reference,dateachat,quantite,promotion) values ('123.13.242.178', '3', '6-Dec-2014', 3, 5.41);
insert into achat (adresseip,reference,dateachat,quantite,promotion) values ('123.13.242.178', '25', '6-Dec-2014', 3, 4.41);
insert into achat (adresseip,reference,dateachat,quantite,promotion) values ('123.229.165.199', '21', '12-Jun-2014', 2, 8.10);
insert into achat (adresseip,reference,dateachat,quantite,promotion) values ('123.229.165.199', '2', '12-Jun-2014', 3, 15.70);
insert into achat (adresseip,reference,dateachat,quantite,promotion) values ('123.229.165.199', '9', '12-Jun-2014', 2, 8.59);
insert into achat (adresseip,reference,dateachat,quantite,promotion) values ('123.229.165.199', '12', '12-Jun-2014', 3, 12.77);
insert into achat (adresseip,reference,dateachat,quantite,promotion) values ('124.117.255.204', '4', '7-Sep-2014', 1, 4.39);
insert into achat (adresseip,reference,dateachat,quantite,promotion) values ('124.117.255.204', '11', '7-Sep-2014', 2, 1.70);
insert into achat (adresseip,reference,dateachat,quantite,promotion) values ('124.117.255.204', '23', '7-Sep-2014', 3, 9.86);
insert into achat (adresseip,reference,dateachat,quantite,promotion) values ('124.118.29.206', '19', '24-Sep-2014', 3, 5.70);
insert into achat (adresseip,reference,dateachat,quantite,promotion) values ('124.118.29.206', '22', '24-Sep-2014', 3, 4.19);
insert into achat (adresseip,reference,dateachat,quantite,promotion) values ('125.8.12.3', '5', '14-Jun-2014', 1, 7.76);
insert into achat (adresseip,reference,dateachat,quantite,promotion) values ('125.8.12.3', '8', '14-Jun-2014', 2, 1.93);
insert into achat (adresseip,reference,dateachat,quantite,promotion) values ('139.152.240.82', '8', '9-Mar-2014', 1, 7.99);
insert into achat (adresseip,reference,dateachat,quantite,promotion) values ('139.152.240.82', '21', '9-Mar-2014', 1, 11.77);
insert into achat (adresseip,reference,dateachat,quantite,promotion) values ('139.152.240.82', '25', '9-Mar-2014', 2, 15.38);
insert into achat (adresseip,reference,dateachat,quantite,promotion) values ('139.152.240.82', '1', '9-Mar-2014', 3, 9.04);
insert into achat (adresseip,reference,dateachat,quantite,promotion) values ('14.5.142.197', '16', '6-Apr-2014', 3, 5.04);
insert into achat (adresseip,reference,dateachat,quantite,promotion) values ('14.5.142.197', '14', '6-Apr-2014', 3, 4.49);
insert into achat (adresseip,reference,dateachat,quantite,promotion) values ('14.5.142.197', '11', '6-Apr-2014', 2, 14.07);
insert into achat (adresseip,reference,dateachat,quantite,promotion) values ('142.112.143.178', '10', '11-Jan-2014', 1, 8.16);
insert into achat (adresseip,reference,dateachat,quantite,promotion) values ('143.87.214.168', '25', '5-Oct-2014', 3, 6.45);
insert into achat (adresseip,reference,dateachat,quantite,promotion) values ('143.87.214.168', '2', '5-Oct-2014', 3, 13.82);
insert into achat (adresseip,reference,dateachat,quantite,promotion) values ('143.87.214.168', '9', '5-Oct-2014', 1, 10.84);
insert into achat (adresseip,reference,dateachat,quantite,promotion) values ('143.87.214.168', '13', '5-Oct-2014', 1, 10.87);
insert into achat (adresseip,reference,dateachat,quantite,promotion) values ('145.51.104.29', '11', '11-Mar-2014', 3, 15.62);
insert into achat (adresseip,reference,dateachat,quantite,promotion) values ('145.51.104.29', '7', '11-Mar-2014', 2, 13.91);
insert into achat (adresseip,reference,dateachat,quantite,promotion) values ('145.51.104.29', '9', '11-Mar-2014', 1, 15.71);
insert into achat (adresseip,reference,dateachat,quantite,promotion) values ('145.88.214.171', '13', '11-Jan-2014', 2, 10.20);
insert into achat (adresseip,reference,dateachat,quantite,promotion) values ('145.88.214.171', '9', '11-Jan-2014', 2, 8.26);
insert into achat (adresseip,reference,dateachat,quantite,promotion) values ('145.88.214.171', '8', '11-Jan-2014', 1, 6.50);
insert into achat (adresseip,reference,dateachat,quantite,promotion) values ('148.225.114.128', '25', '7-Aug-2014', 1, 9.94);
insert into achat (adresseip,reference,dateachat,quantite,promotion) values ('150.71.247.39', '14', '25-May-2014', 2, 12.76);
insert into achat (adresseip,reference,dateachat,quantite,promotion) values ('150.71.247.39', '20', '25-May-2014', 2, 1.10);
insert into achat (adresseip,reference,dateachat,quantite,promotion) values ('150.71.247.39', '17', '25-May-2014', 3, 7.02);
insert into achat (adresseip,reference,dateachat,quantite,promotion) values ('150.71.247.39', '16', '25-May-2014', 3, 2.26);
insert into achat (adresseip,reference,dateachat,quantite,promotion) values ('152.206.139.39', '3', '11-Jun-2014', 3, 7.03);
insert into achat (adresseip,reference,dateachat,quantite,promotion) values ('152.206.139.39', '5', '11-Jun-2014', 1, 13.64);
insert into achat (adresseip,reference,dateachat,quantite,promotion) values ('159.167.76.236', '19', '16-Dec-2014', 3, 10.75);
insert into achat (adresseip,reference,dateachat,quantite,promotion) values ('160.210.74.5', '6', '21-Feb-2014', 1, 6.59);
insert into achat (adresseip,reference,dateachat,quantite,promotion) values ('160.210.74.5', '9', '21-Feb-2014', 3, 9.63);
insert into achat (adresseip,reference,dateachat,quantite,promotion) values ('164.226.79.104', '1', '14-Oct-2014', 2, 2.63);
insert into achat (adresseip,reference,dateachat,quantite,promotion) values ('164.226.79.104', '15', '14-Oct-2014', 3, 13.97);
insert into achat (adresseip,reference,dateachat,quantite,promotion) values ('166.143.140.73', '4', '19-Aug-2014', 1, 9.96);
insert into achat (adresseip,reference,dateachat,quantite,promotion) values ('166.143.140.73', '11', '19-Aug-2014', 3, 1.58);
insert into achat (adresseip,reference,dateachat,quantite,promotion) values ('166.143.140.73', '9', '19-Aug-2014', 3, 12.70);
insert into achat (adresseip,reference,dateachat,quantite,promotion) values ('169.243.45.123', '5', '8-Aug-2014', 1, 3.23);
insert into achat (adresseip,reference,dateachat,quantite,promotion) values ('169.34.20.237', '8', '6-Oct-2014', 1, 9.48);
insert into achat (adresseip,reference,dateachat,quantite,promotion) values ('169.34.20.237', '23', '6-Oct-2014', 2, 13.70);
insert into achat (adresseip,reference,dateachat,quantite,promotion) values ('169.34.20.237', '7', '6-Oct-2014', 3, 11.55);
insert into achat (adresseip,reference,dateachat,quantite,promotion) values ('17.70.20.2', '3', '12-Jan-2014', 2, 7.91);
insert into achat (adresseip,reference,dateachat,quantite,promotion) values ('174.159.177.18', '6', '11-Sep-2014', 2, 8.79);
insert into achat (adresseip,reference,dateachat,quantite,promotion) values ('174.160.122.32', '12', '6-Sep-2014', 1, 4.22);
insert into achat (adresseip,reference,dateachat,quantite,promotion) values ('174.160.122.32', '9', '6-Sep-2014', 3, 9.87);
insert into achat (adresseip,reference,dateachat,quantite,promotion) values ('174.160.122.32', '4', '6-Sep-2014', 3, 7.96);
insert into achat (adresseip,reference,dateachat,quantite,promotion) values ('174.50.220.216', '12', '23-Jul-2014', 1, 6.94);
insert into achat (adresseip,reference,dateachat,quantite,promotion) values ('174.50.220.216', '17', '23-Jul-2014', 1, 7.26);
insert into achat (adresseip,reference,dateachat,quantite,promotion) values ('174.50.220.216', '11', '23-Jul-2014', 1, 11.21);
insert into achat (adresseip,reference,dateachat,quantite,promotion) values ('174.84.169.182', '7', '12-Apr-2014', 3, 7.96);
insert into achat (adresseip,reference,dateachat,quantite,promotion) values ('174.84.169.182', '10', '12-Apr-2014', 3, 11.17);
insert into achat (adresseip,reference,dateachat,quantite,promotion) values ('174.84.169.182', '18', '12-Apr-2014', 1, 1.46);
insert into achat (adresseip,reference,dateachat,quantite,promotion) values ('176.255.89.158', '3', '9-Dec-2014', 2, 14.33);
insert into achat (adresseip,reference,dateachat,quantite,promotion) values ('176.255.89.158', '10', '9-Dec-2014', 2, 1.86);
insert into achat (adresseip,reference,dateachat,quantite,promotion) values ('178.163.97.152', '7', '9-May-2014', 1, 11.11);
insert into achat (adresseip,reference,dateachat,quantite,promotion) values ('178.163.97.152', '14', '9-May-2014', 1, 1.37);
insert into achat (adresseip,reference,dateachat,quantite,promotion) values ('178.163.97.152', '21', '9-May-2014', 2, 11.95);
insert into achat (adresseip,reference,dateachat,quantite,promotion) values ('178.189.217.168', '1', '27-May-2014', 2, 13.83);
insert into achat (adresseip,reference,dateachat,quantite,promotion) values ('178.189.217.168', '5', '27-May-2014', 1, 14.29);
insert into achat (adresseip,reference,dateachat,quantite,promotion) values ('178.189.217.168', '6', '27-May-2014', 2, 3.58);
insert into achat (adresseip,reference,dateachat,quantite,promotion) values ('178.189.217.168', '26', '27-May-2014', 2, 12.81);
insert into achat (adresseip,reference,dateachat,quantite,promotion) values ('179.55.156.34', '18', '27-Oct-2014', 2, 13.68);
insert into achat (adresseip,reference,dateachat,quantite,promotion) values ('179.55.156.34', '22', '27-Oct-2014', 1, 2.28);
insert into achat (adresseip,reference,dateachat,quantite,promotion) values ('179.55.156.34', '10', '27-Oct-2014', 2, 6.94);
insert into achat (adresseip,reference,dateachat,quantite,promotion) values ('179.55.156.34', '25', '27-Oct-2014', 3, 4.00);
insert into achat (adresseip,reference,dateachat,quantite,promotion) values ('184.16.111.195', '2', '7-Feb-2014', 3, 14.55);
insert into achat (adresseip,reference,dateachat,quantite,promotion) values ('184.16.111.195', '4', '7-Feb-2014', 1, 14.03);
insert into achat (adresseip,reference,dateachat,quantite,promotion) values ('19.82.65.34', '26', '16-Apr-2014', 2, 13.00);
insert into achat (adresseip,reference,dateachat,quantite,promotion) values ('19.82.65.34', '5', '16-Apr-2014', 2, 9.06);
insert into achat (adresseip,reference,dateachat,quantite,promotion) values ('19.87.216.73', '8', '11-Oct-2014', 1, 14.81);
insert into achat (adresseip,reference,dateachat,quantite,promotion) values ('197.177.172.84', '10', '24-Jun-2014', 3, 8.13);
insert into achat (adresseip,reference,dateachat,quantite,promotion) values ('197.177.172.84', '1', '24-Jun-2014', 2, 11.94);
insert into achat (adresseip,reference,dateachat,quantite,promotion) values ('199.57.162.156', '14', '14-Apr-2014', 3, 2.87);
insert into achat (adresseip,reference,dateachat,quantite,promotion) values ('199.57.162.156', '3', '14-Apr-2014', 3, 2.23);
insert into achat (adresseip,reference,dateachat,quantite,promotion) values ('199.57.162.156', '20', '14-Apr-2014', 1, 7.06);
insert into achat (adresseip,reference,dateachat,quantite,promotion) values ('2.86.80.4', '10', '5-Sep-2014', 2, 8.81);
insert into achat (adresseip,reference,dateachat,quantite,promotion) values ('2.86.80.4', '14', '5-Sep-2014', 3, 15.41);
insert into achat (adresseip,reference,dateachat,quantite,promotion) values ('204.53.30.50', '18', '11-Feb-2014', 1, 1.84);
insert into achat (adresseip,reference,dateachat,quantite,promotion) values ('204.53.30.50', '4', '11-Feb-2014', 3, 12.83);
insert into achat (adresseip,reference,dateachat,quantite,promotion) values ('204.53.30.50', '19', '11-Feb-2014', 1, 1.18);
insert into achat (adresseip,reference,dateachat,quantite,promotion) values ('212.93.63.9', '26', '1-Feb-2014', 1, 4.03);
insert into achat (adresseip,reference,dateachat,quantite,promotion) values ('22.71.231.148', '3', '8-Mar-2014', 2, 10.42);
insert into achat (adresseip,reference,dateachat,quantite,promotion) values ('22.71.231.148', '13', '8-Mar-2014', 1, 4.04);
insert into achat (adresseip,reference,dateachat,quantite,promotion) values ('22.71.231.148', '19', '8-Mar-2014', 1, 12.20);
insert into achat (adresseip,reference,dateachat,quantite,promotion) values ('22.71.231.148', '16', '8-Mar-2014', 1, 7.87);
insert into achat (adresseip,reference,dateachat,quantite,promotion) values ('220.227.237.202', '1', '1-Jun-2014', 1, 5.60);
insert into achat (adresseip,reference,dateachat,quantite,promotion) values ('220.227.237.202', '25', '1-Jun-2014', 2, 14.77);
insert into achat (adresseip,reference,dateachat,quantite,promotion) values ('220.227.237.202', '23', '1-Jun-2014', 3, 14.60);
insert into achat (adresseip,reference,dateachat,quantite,promotion) values ('225.237.87.114', '20', '6-Nov-2014', 3, 5.99);
insert into achat (adresseip,reference,dateachat,quantite,promotion) values ('225.237.87.114', '2', '6-Nov-2014', 3, 5.81);
insert into achat (adresseip,reference,dateachat,quantite,promotion) values ('227.4.149.193', '1', '24-Oct-2014', 3, 4.05);
insert into achat (adresseip,reference,dateachat,quantite,promotion) values ('227.4.149.193', '23', '24-Oct-2014', 2, 11.78);
insert into achat (adresseip,reference,dateachat,quantite,promotion) values ('227.4.149.193', '19', '24-Oct-2014', 3, 10.33);
insert into achat (adresseip,reference,dateachat,quantite,promotion) values ('227.4.149.193', '9', '24-Oct-2014', 2, 4.91);
insert into achat (adresseip,reference,dateachat,quantite,promotion) values ('228.97.212.96', '15', '17-Oct-2014', 3, 9.07);
insert into achat (adresseip,reference,dateachat,quantite,promotion) values ('228.97.212.96', '12', '17-Oct-2014', 2, 9.99);
insert into achat (adresseip,reference,dateachat,quantite,promotion) values ('228.97.212.96', '8', '17-Oct-2014', 2, 15.67);
insert into achat (adresseip,reference,dateachat,quantite,promotion) values ('230.110.179.242', '3', '17-Jan-2014', 1, 7.92);
insert into achat (adresseip,reference,dateachat,quantite,promotion) values ('230.110.179.242', '15', '17-Jan-2014', 3, 5.08);
insert into achat (adresseip,reference,dateachat,quantite,promotion) values ('24.29.228.204', '7', '25-Nov-2014', 3, 11.29);
insert into achat (adresseip,reference,dateachat,quantite,promotion) values ('24.29.228.204', '18', '25-Nov-2014', 1, 9.20);
insert into achat (adresseip,reference,dateachat,quantite,promotion) values ('24.29.228.204', '10', '25-Nov-2014', 1, 14.97);
insert into achat (adresseip,reference,dateachat,quantite,promotion) values ('24.29.228.204', '9', '25-Nov-2014', 3, 1.90);
insert into achat (adresseip,reference,dateachat,quantite,promotion) values ('241.163.175.177', '23', '26-May-2014', 1, 12.79);
insert into achat (adresseip,reference,dateachat,quantite,promotion) values ('241.163.175.177', '21', '26-May-2014', 2, 9.74);
insert into achat (adresseip,reference,dateachat,quantite,promotion) values ('241.163.175.177', '9', '26-May-2014', 2, 14.90);
insert into achat (adresseip,reference,dateachat,quantite,promotion) values ('241.163.175.177', '12', '26-May-2014', 2, 3.78);
insert into achat (adresseip,reference,dateachat,quantite,promotion) values ('242.161.211.249', '22', '3-May-2014', 3, 9.69);
insert into achat (adresseip,reference,dateachat,quantite,promotion) values ('242.161.211.249', '13', '3-May-2014', 1, 12.23);
insert into achat (adresseip,reference,dateachat,quantite,promotion) values ('242.161.211.249', '16', '3-May-2014', 2, 10.32);
insert into achat (adresseip,reference,dateachat,quantite,promotion) values ('242.161.211.249', '25', '3-May-2014', 2, 3.32);
insert into achat (adresseip,reference,dateachat,quantite,promotion) values ('242.180.112.25', '4', '13-Oct-2014', 1, 13.37);
insert into achat (adresseip,reference,dateachat,quantite,promotion) values ('242.90.44.16', '13', '11-Jan-2014', 2, 5.17);
insert into achat (adresseip,reference,dateachat,quantite,promotion) values ('243.2.147.152', '1', '12-Jun-2014', 2, 15.76);
insert into achat (adresseip,reference,dateachat,quantite,promotion) values ('243.2.147.152', '2', '12-Jun-2014', 1, 14.53);
insert into achat (adresseip,reference,dateachat,quantite,promotion) values ('243.2.147.152', '22', '12-Jun-2014', 1, 7.33);
insert into achat (adresseip,reference,dateachat,quantite,promotion) values ('243.2.147.152', '26', '12-Jun-2014', 3, 15.00);
insert into achat (adresseip,reference,dateachat,quantite,promotion) values ('244.176.130.115', '7', '3-Apr-2014', 1, 1.05);
insert into achat (adresseip,reference,dateachat,quantite,promotion) values ('244.176.130.115', '4', '3-Apr-2014', 2, 9.09);
insert into achat (adresseip,reference,dateachat,quantite,promotion) values ('244.176.130.115', '18', '3-Apr-2014', 3, 12.14);
insert into achat (adresseip,reference,dateachat,quantite,promotion) values ('25.101.137.129', '10', '17-Apr-2014', 2, 13.32);
insert into achat (adresseip,reference,dateachat,quantite,promotion) values ('25.70.246.81', '20', '25-Feb-2014', 1, 5.28);
insert into achat (adresseip,reference,dateachat,quantite,promotion) values ('25.70.246.81', '13', '25-Feb-2014', 2, 1.43);
insert into achat (adresseip,reference,dateachat,quantite,promotion) values ('25.70.246.81', '16', '25-Feb-2014', 2, 7.24);
insert into achat (adresseip,reference,dateachat,quantite,promotion) values ('250.17.132.193', '6', '8-May-2014', 1, 7.47);
insert into achat (adresseip,reference,dateachat,quantite,promotion) values ('250.17.132.193', '23', '8-May-2014', 3, 7.50);
insert into achat (adresseip,reference,dateachat,quantite,promotion) values ('250.17.132.193', '14', '8-May-2014', 1, 13.23);
insert into achat (adresseip,reference,dateachat,quantite,promotion) values ('250.17.132.193', '8', '8-May-2014', 3, 4.97);
insert into achat (adresseip,reference,dateachat,quantite,promotion) values ('254.242.116.65', '21', '17-Nov-2014', 1, 10.20);
insert into achat (adresseip,reference,dateachat,quantite,promotion) values ('254.242.116.65', '26', '17-Nov-2014', 3, 1.80);
insert into achat (adresseip,reference,dateachat,quantite,promotion) values ('254.242.116.65', '19', '17-Nov-2014', 2, 9.45);
insert into achat (adresseip,reference,dateachat,quantite,promotion) values ('254.242.116.65', '22', '17-Nov-2014', 2, 12.64);
insert into achat (adresseip,reference,dateachat,quantite,promotion) values ('29.242.139.85', '19', '18-Jun-2014', 1, 3.78);
insert into achat (adresseip,reference,dateachat,quantite,promotion) values ('29.82.248.84', '15', '26-Feb-2014', 2, 10.29);
insert into achat (adresseip,reference,dateachat,quantite,promotion) values ('29.82.248.84', '24', '26-Feb-2014', 3, 3.98);
insert into achat (adresseip,reference,dateachat,quantite,promotion) values ('29.82.248.84', '7', '26-Feb-2014', 2, 5.42);
insert into achat (adresseip,reference,dateachat,quantite,promotion) values ('35.72.191.137', '1', '25-Aug-2014', 3, 10.41);
insert into achat (adresseip,reference,dateachat,quantite,promotion) values ('35.72.191.137', '7', '25-Aug-2014', 3, 3.06);
insert into achat (adresseip,reference,dateachat,quantite,promotion) values ('35.72.191.137', '12', '25-Aug-2014', 3, 7.77);
insert into achat (adresseip,reference,dateachat,quantite,promotion) values ('38.233.2.21', '3', '14-Jun-2014', 2, 12.41);
insert into achat (adresseip,reference,dateachat,quantite,promotion) values ('38.233.2.21', '20', '14-Jun-2014', 2, 9.22);
insert into achat (adresseip,reference,dateachat,quantite,promotion) values ('38.233.2.21', '8', '14-Jun-2014', 2, 13.10);
insert into achat (adresseip,reference,dateachat,quantite,promotion) values ('41.199.132.177', '2', '11-Dec-2014', 1, 4.98);
insert into achat (adresseip,reference,dateachat,quantite,promotion) values ('41.29.131.18', '25', '23-Jun-2014', 3, 8.69);
insert into achat (adresseip,reference,dateachat,quantite,promotion) values ('41.29.131.18', '9', '23-Jun-2014', 3, 2.29);
insert into achat (adresseip,reference,dateachat,quantite,promotion) values ('43.20.45.144', '19', '18-Aug-2014', 2, 9.77);
insert into achat (adresseip,reference,dateachat,quantite,promotion) values ('43.20.45.144', '11', '18-Aug-2014', 1, 9.48);
insert into achat (adresseip,reference,dateachat,quantite,promotion) values ('45.199.164.54', '10', '26-Nov-2014', 3, 8.26);
insert into achat (adresseip,reference,dateachat,quantite,promotion) values ('45.199.164.54', '21', '26-Nov-2014', 3, 15.67);
insert into achat (adresseip,reference,dateachat,quantite,promotion) values ('45.199.164.54', '22', '26-Nov-2014', 3, 4.34);
insert into achat (adresseip,reference,dateachat,quantite,promotion) values ('45.199.164.54', '19', '26-Nov-2014', 2, 14.34);
insert into achat (adresseip,reference,dateachat,quantite,promotion) values ('46.239.165.189', '18', '16-Mar-2014', 1, 12.25);
insert into achat (adresseip,reference,dateachat,quantite,promotion) values ('46.239.165.189', '26', '16-Mar-2014', 1, 6.88);
insert into achat (adresseip,reference,dateachat,quantite,promotion) values ('46.239.165.189', '6', '16-Mar-2014', 1, 10.18);
insert into achat (adresseip,reference,dateachat,quantite,promotion) values ('46.98.58.75', '14', '7-Jun-2014', 2, 14.88);
insert into achat (adresseip,reference,dateachat,quantite,promotion) values ('46.98.58.75', '20', '7-Jun-2014', 2, 12.56);
insert into achat (adresseip,reference,dateachat,quantite,promotion) values ('46.98.58.75', '25', '7-Jun-2014', 1, 3.58);
insert into achat (adresseip,reference,dateachat,quantite,promotion) values ('49.140.5.20', '23', '2-Jul-2014', 3, 13.10);
insert into achat (adresseip,reference,dateachat,quantite,promotion) values ('49.140.5.20', '6', '2-Jul-2014', 1, 9.54);
insert into achat (adresseip,reference,dateachat,quantite,promotion) values ('49.140.5.20', '18', '2-Jul-2014', 1, 14.88);
insert into achat (adresseip,reference,dateachat,quantite,promotion) values ('49.140.5.20', '21', '2-Jul-2014', 3, 16.00);
insert into achat (adresseip,reference,dateachat,quantite,promotion) values ('5.213.187.143', '10', '10-Aug-2014', 1, 2.78);
insert into achat (adresseip,reference,dateachat,quantite,promotion) values ('5.213.187.143', '25', '10-Aug-2014', 1, 2.72);
insert into achat (adresseip,reference,dateachat,quantite,promotion) values ('57.41.178.38', '1', '12-Dec-2014', 2, 11.14);
insert into achat (adresseip,reference,dateachat,quantite,promotion) values ('57.41.178.38', '23', '12-Dec-2014', 2, 12.13);
insert into achat (adresseip,reference,dateachat,quantite,promotion) values ('58.30.146.3', '1', '17-Apr-2014', 1, 14.82);
insert into achat (adresseip,reference,dateachat,quantite,promotion) values ('59.206.138.78', '21', '4-Apr-2014', 3, 6.98);
insert into achat (adresseip,reference,dateachat,quantite,promotion) values ('59.206.138.78', '11', '4-Apr-2014', 3, 7.27);
insert into achat (adresseip,reference,dateachat,quantite,promotion) values ('59.206.138.78', '26', '4-Apr-2014', 1, 15.60);
insert into achat (adresseip,reference,dateachat,quantite,promotion) values ('59.222.227.181', '19', '7-Jan-2014', 3, 8.56);
insert into achat (adresseip,reference,dateachat,quantite,promotion) values ('59.222.227.181', '12', '7-Jan-2014', 2, 12.82);
insert into achat (adresseip,reference,dateachat,quantite,promotion) values ('59.222.227.181', '11', '7-Jan-2014', 3, 14.58);
insert into achat (adresseip,reference,dateachat,quantite,promotion) values ('59.222.227.181', '3', '7-Jan-2014', 1, 5.23);
insert into achat (adresseip,reference,dateachat,quantite,promotion) values ('60.144.125.19', '16', '17-Jan-2014', 3, 15.03);
insert into achat (adresseip,reference,dateachat,quantite,promotion) values ('60.144.125.19', '14', '17-Jan-2014', 2, 9.07);
insert into achat (adresseip,reference,dateachat,quantite,promotion) values ('60.144.125.19', '6', '17-Jan-2014', 2, 15.70);
insert into achat (adresseip,reference,dateachat,quantite,promotion) values ('60.144.125.19', '8', '17-Jan-2014', 1, 3.37);
insert into achat (adresseip,reference,dateachat,quantite,promotion) values ('60.237.153.94', '21', '1-Oct-2014', 2, 14.01);
insert into achat (adresseip,reference,dateachat,quantite,promotion) values ('60.237.153.94', '16', '1-Oct-2014', 2, 13.12);
insert into achat (adresseip,reference,dateachat,quantite,promotion) values ('60.237.153.94', '17', '1-Oct-2014', 3, 11.22);
insert into achat (adresseip,reference,dateachat,quantite,promotion) values ('60.237.153.94', '7', '1-Oct-2014', 3, 11.44);
insert into achat (adresseip,reference,dateachat,quantite,promotion) values ('67.16.228.60', '17', '9-Jul-2014', 3, 2.09);
insert into achat (adresseip,reference,dateachat,quantite,promotion) values ('67.192.64.199', '14', '7-Nov-2014', 2, 12.22);
insert into achat (adresseip,reference,dateachat,quantite,promotion) values ('67.192.64.199', '26', '7-Nov-2014', 3, 11.31);
insert into achat (adresseip,reference,dateachat,quantite,promotion) values ('67.192.64.199', '4', '7-Nov-2014', 3, 14.40);
insert into achat (adresseip,reference,dateachat,quantite,promotion) values ('68.198.104.197', '10', '12-Apr-2014', 2, 5.35);
insert into achat (adresseip,reference,dateachat,quantite,promotion) values ('7.92.20.247', '18', '22-Jul-2014', 1, 15.06);
insert into achat (adresseip,reference,dateachat,quantite,promotion) values ('7.92.20.247', '3', '22-Jul-2014', 1, 2.61);
insert into achat (adresseip,reference,dateachat,quantite,promotion) values ('7.92.20.247', '8', '22-Jul-2014', 1, 1.18);
insert into achat (adresseip,reference,dateachat,quantite,promotion) values ('7.92.20.247', '5', '22-Jul-2014', 1, 12.30);
insert into achat (adresseip,reference,dateachat,quantite,promotion) values ('70.222.106.178', '16', '1-Aug-2014', 3, 13.18);
insert into achat (adresseip,reference,dateachat,quantite,promotion) values ('71.46.177.135', '24', '7-Mar-2014', 2, 6.34);
insert into achat (adresseip,reference,dateachat,quantite,promotion) values ('71.46.177.135', '15', '7-Mar-2014', 2, 9.56);
insert into achat (adresseip,reference,dateachat,quantite,promotion) values ('72.124.246.251', '8', '4-May-2014', 2, 10.06);
insert into achat (adresseip,reference,dateachat,quantite,promotion) values ('72.124.246.251', '7', '4-May-2014', 1, 11.91);
insert into achat (adresseip,reference,dateachat,quantite,promotion) values ('72.124.246.251', '6', '4-May-2014', 1, 14.60);
insert into achat (adresseip,reference,dateachat,quantite,promotion) values ('72.150.50.65', '26', '14-Sep-2014', 2, 2.27);
insert into achat (adresseip,reference,dateachat,quantite,promotion) values ('72.236.209.162', '5', '10-Jan-2014', 2, 5.84);
insert into achat (adresseip,reference,dateachat,quantite,promotion) values ('72.236.209.162', '13', '10-Jan-2014', 3, 7.72);
insert into achat (adresseip,reference,dateachat,quantite,promotion) values ('72.236.209.162', '15', '10-Jan-2014', 2, 13.81);
insert into achat (adresseip,reference,dateachat,quantite,promotion) values ('72.236.209.162', '10', '10-Jan-2014', 1, 11.47);
insert into achat (adresseip,reference,dateachat,quantite,promotion) values ('73.116.234.228', '25', '18-Oct-2014', 2, 11.35);
insert into achat (adresseip,reference,dateachat,quantite,promotion) values ('73.126.77.103', '10', '8-Aug-2014', 3, 15.17);
insert into achat (adresseip,reference,dateachat,quantite,promotion) values ('73.126.77.103', '8', '8-Aug-2014', 2, 2.08);
insert into achat (adresseip,reference,dateachat,quantite,promotion) values ('73.126.77.103', '2', '8-Aug-2014', 1, 7.88);
insert into achat (adresseip,reference,dateachat,quantite,promotion) values ('73.126.77.103', '22', '8-Aug-2014', 1, 15.20);
insert into achat (adresseip,reference,dateachat,quantite,promotion) values ('75.44.168.57', '22', '27-Jan-2014', 1, 12.11);
insert into achat (adresseip,reference,dateachat,quantite,promotion) values ('75.44.168.57', '7', '27-Jan-2014', 1, 12.88);
insert into achat (adresseip,reference,dateachat,quantite,promotion) values ('78.141.226.242', '21', '27-Nov-2014', 1, 11.58);
insert into achat (adresseip,reference,dateachat,quantite,promotion) values ('78.141.226.242', '1', '27-Nov-2014', 2, 11.16);
insert into achat (adresseip,reference,dateachat,quantite,promotion) values ('78.141.226.242', '17', '27-Nov-2014', 2, 11.00);
insert into achat (adresseip,reference,dateachat,quantite,promotion) values ('80.99.31.42', '21', '25-Mar-2014', 2, 3.06);
insert into achat (adresseip,reference,dateachat,quantite,promotion) values ('80.99.31.42', '13', '25-Mar-2014', 3, 14.47);
insert into achat (adresseip,reference,dateachat,quantite,promotion) values ('80.99.31.42', '4', '25-Mar-2014', 3, 4.25);
insert into achat (adresseip,reference,dateachat,quantite,promotion) values ('85.140.205.125', '9', '25-Jan-2014', 1, 5.24);
insert into achat (adresseip,reference,dateachat,quantite,promotion) values ('85.140.205.125', '20', '25-Jan-2014', 2, 7.70);
insert into achat (adresseip,reference,dateachat,quantite,promotion) values ('85.140.205.125', '6', '25-Jan-2014', 1, 2.71);
insert into achat (adresseip,reference,dateachat,quantite,promotion) values ('88.29.215.58', '6', '15-Dec-2014', 2, 15.99);
insert into achat (adresseip,reference,dateachat,quantite,promotion) values ('88.29.215.58', '10', '15-Dec-2014', 3, 13.99);


COMMIT;
